2020-10-21T13:00:18.618538+00:00,app[web.1]:,AB_TESTING:,B,1603285143249.00,1603285217736.00,mp1,exxodefdf,time to complete task,how many returns,which,TIME,,,RETURNS,,
2020-10-21T13:00:18.875434+00:00,app[web.1]:,AB_TESTING:,B,1603285143249.00,1603285218738.00,mp2,exxodefdf,,,,A,B,,VERSION,RETURN,NO RETURN
2020-10-21T13:00:19.849078+00:00,app[web.1]:,AB_TESTING:,B,1603285143249.00,1603285219708.00,mp3,exxodefdf,,,,17953,92242,,A,6,8
2020-10-21T13:00:28.182915+00:00,app[web.1]:,AB_TESTING:,B,1603285143249.00,1603285220719.00,mp4,exxodefdf,,,,7894,3637,,B,5,7
2020-10-21T13:00:28.446558+00:00,app[web.1]:,AB_TESTING:,B,1603285143249.00,1603285228302.00,mp2,exxodefdf,,,,11261,12649,,,,
2020-10-21T13:00:28.707666+00:00,app[web.1]:,AB_TESTING:,B,1603285143249.00,1603285228565.00,mp3,exxodefdf,,,,97614,6090,,,,
2020-10-21T13:00:28.966900+00:00,app[web.1]:,AB_TESTING:,B,1603285143249.00,1603285228831.00,mp2,exxodefdf,,,,7765,7427,,,,
2020-10-21T13:00:29.235360+00:00,app[web.1]:,AB_TESTING:,B,1603285143249.00,1603285229092.00,mp3,exxodefdf,,,,288296,11913,,,,
2020-10-21T13:00:30.117063+00:00,app[web.1]:,AB_TESTING:,B,1603285143249.00,1603285229354.00,mp2,exxodefdf,,,,26780,5631,,,,
2020-10-21T13:00:31.475640+00:00,app[web.1]:,AB_TESTING:,B,1603285143249.00,1603285230241.00,mp3,exxodefdf,,,,155241,4373,,,,
2020-10-21T13:00:33.903350+00:00,app[web.1]:,AB_TESTING:,B,1603285143249.00,1603285233756.00,mp4,exxodefdf,,,,28906,74053,,,,
2020-10-21T13:00:36.587510+00:00,app[web.1]:,AB_TESTING:,C,1603285235491.00,0.00,0,exxodefdf,92242.00,0,B,5866,11668,,,,
2020-10-21T13:07:58.094100+00:00,app[web.1]:,AB_TESTING:,B,1603285678057.00,0.00,0,ngzdhey,,,,5869,42939,,,,
2020-10-21T13:07:59.839455+00:00,app[web.1]:,AB_TESTING:,B,1603285678057.00,1603285679822.00,mp4,ngzdhey,,,,3129,4199,,,,
2020-10-21T13:07:59.995901+00:00,app[web.1]:,AB_TESTING:,B,1603285678057.00,1603285679977.00,mp4,ngzdhey,,,,3379,,,,,
2020-10-21T13:08:00.151215+00:00,app[web.1]:,AB_TESTING:,B,1603285678057.00,1603285680136.00,mp4,ngzdhey,,,,15730,,,,,
2020-10-21T13:08:00.326469+00:00,app[web.1]:,AB_TESTING:,B,1603285678057.00,1603285680311.00,mp4,ngzdhey,,,,,,,,,
2020-10-21T13:08:00.628259+00:00,app[web.1]:,AB_TESTING:,B,1603285678057.00,1603285680613.00,mp4,ngzdhey,,,,,,,,,
2020-10-21T13:08:01.712920+00:00,app[web.1]:,AB_TESTING:,C,1603285681694.00,0.00,0,ngzdhey,3637.00,0,B,,,,,,
2020-10-21T13:08:37.766724+00:00,app[web.1]:,AB_TESTING:,B,1603285717482.00,0.00,0,ljowrsfu,,,,,,,,,
2020-10-21T13:08:40.104462+00:00,app[web.1]:,AB_TESTING:,B,1603285717482.00,1603285719830.00,mp1,ljowrsfu,,,,,,,,,
2020-10-21T13:08:40.787137+00:00,app[web.1]:,AB_TESTING:,B,1603285717482.00,1603285720499.00,mp2,ljowrsfu,,,,,,,,,
2020-10-21T13:08:41.030510+00:00,app[web.1]:,AB_TESTING:,B,1603285717482.00,1603285720752.00,mp2,ljowrsfu,,,,,,,,,
2020-10-21T13:08:42.190017+00:00,app[web.1]:,AB_TESTING:,B,1603285717482.00,1603285721887.00,mp3,ljowrsfu,,,,,,,,,
2020-10-21T13:08:42.460490+00:00,app[web.1]:,AB_TESTING:,B,1603285717482.00,1603285722188.00,mp3,ljowrsfu,,,,,,,,,
2020-10-21T13:08:43.351497+00:00,app[web.1]:,AB_TESTING:,B,1603285717482.00,1603285723068.00,mp4,ljowrsfu,,,,,,,,,
2020-10-21T13:08:43.554802+00:00,app[web.1]:,AB_TESTING:,B,1603285717482.00,1603285723280.00,mp4,ljowrsfu,,,,,,,,,
2020-10-21T13:08:46.306648+00:00,app[web.1]:,AB_TESTING:,C,1603285725998.00,0.00,0,ljowrsfu,,,,,,,,,
2020-10-21T13:08:50.459207+00:00,app[web.1]:,AB_TESTING:,B,1603285730131.00,0.00,0,ljowrsfu,12649.00,1,B,,,,,,
2020-10-21T13:09:05.232115+00:00,app[web.1]:,AB_TESTING:,B,1603285745001.00,0.00,0,esypkmcvtd,,,,,,,,,
2020-10-21T13:09:06.616256+00:00,app[web.1]:,AB_TESTING:,B,1603285745001.00,1603285746509.00,mp1,esypkmcvtd,,,,,,,,,
2020-10-21T13:09:06.820975+00:00,app[web.1]:,AB_TESTING:,B,1603285745001.00,1603285746715.00,mp1,esypkmcvtd,,,,,,,,,
2020-10-21T13:09:07.027368+00:00,app[web.1]:,AB_TESTING:,B,1603285745001.00,1603285746919.00,mp1,esypkmcvtd,,,,,,,,,
2020-10-21T13:09:07.231985+00:00,app[web.1]:,AB_TESTING:,B,1603285745001.00,1603285747124.00,mp1,esypkmcvtd,,,,,,,,,
2020-10-21T13:09:07.437062+00:00,app[web.1]:,AB_TESTING:,B,1603285745001.00,1603285747329.00,mp1,esypkmcvtd,,,,,,,,,
2020-10-21T13:09:07.648516+00:00,app[web.1]:,AB_TESTING:,B,1603285745001.00,1603285747535.00,mp1,esypkmcvtd,,,,,,,,,
2020-10-21T13:09:07.852817+00:00,app[web.1]:,AB_TESTING:,B,1603285745001.00,1603285747746.00,mp1,esypkmcvtd,,,,,,,,,
2020-10-21T13:09:08.063056+00:00,app[web.1]:,AB_TESTING:,B,1603285745001.00,1603285747954.00,mp1,esypkmcvtd,,,,,,,,,
2020-10-21T13:09:08.277747+00:00,app[web.1]:,AB_TESTING:,B,1603285745001.00,1603285748172.00,mp1,esypkmcvtd,,,,,,,,,
2020-10-21T13:09:08.481964+00:00,app[web.1]:,AB_TESTING:,B,1603285745001.00,1603285748377.00,mp1,esypkmcvtd,,,,,,,,,
2020-10-21T13:09:08.685070+00:00,app[web.1]:,AB_TESTING:,B,1603285745001.00,1603285748580.00,mp1,esypkmcvtd,,,,,,,,,
2020-10-21T13:09:08.889851+00:00,app[web.1]:,AB_TESTING:,B,1603285745001.00,1603285748783.00,mp1,esypkmcvtd,,,,,,,,,
2020-10-21T13:09:09.102813+00:00,app[web.1]:,AB_TESTING:,B,1603285745001.00,1603285748996.00,mp1,esypkmcvtd,,,,,,,,,
2020-10-21T13:09:09.309583+00:00,app[web.1]:,AB_TESTING:,B,1603285745001.00,1603285749203.00,mp1,esypkmcvtd,,,,,,,,,
2020-10-21T13:09:09.515879+00:00,app[web.1]:,AB_TESTING:,B,1603285745001.00,1603285749408.00,mp1,esypkmcvtd,,,,,,,,,
2020-10-21T13:09:11.202307+00:00,app[web.1]:,AB_TESTING:,C,1603285751091.00,0.00,0,esypkmcvtd,6090.00,0,B,,,,,,
2020-10-21T13:10:46.530048+00:00,app[web.1]:,AB_TESTING:,A,1603285846188.00,0.00,0,ahxrnemj,,,,,,,,,
2020-10-21T13:10:49.059247+00:00,app[web.1]:,AB_TESTING:,A,1603285846188.00,1603285848943.00,mp1,ahxrnemj,,,,,,,,,
2020-10-21T13:10:49.704421+00:00,app[web.1]:,AB_TESTING:,A,1603285846188.00,1603285849590.00,mp1,ahxrnemj,,,,,,,,,
2020-10-21T13:10:50.138047+00:00,app[web.1]:,AB_TESTING:,A,1603285846188.00,1603285850021.00,mp1,ahxrnemj,,,,,,,,,
2020-10-21T13:10:51.024178+00:00,app[web.1]:,AB_TESTING:,A,1603285846188.00,1603285850903.00,mp2,ahxrnemj,,,,,,,,,
2020-10-21T13:10:51.248813+00:00,app[web.1]:,AB_TESTING:,A,1603285846188.00,1603285851139.00,mp2,ahxrnemj,,,,,,,,,
2020-10-21T13:10:51.471019+00:00,app[web.1]:,AB_TESTING:,A,1603285846188.00,1603285851361.00,mp2,ahxrnemj,,,,,,,,,
2020-10-21T13:10:53.355576+00:00,app[web.1]:,AB_TESTING:,A,1603285846188.00,1603285853243.00,mp4,ahxrnemj,,,,,,,,,
2020-10-21T13:10:53.582823+00:00,app[web.1]:,AB_TESTING:,A,1603285846188.00,1603285853465.00,mp4,ahxrnemj,,,,,,,,,
2020-10-21T13:10:53.808570+00:00,app[web.1]:,AB_TESTING:,A,1603285846188.00,1603285853700.00,mp4,ahxrnemj,,,,,,,,,
2020-10-21T13:10:55.818365+00:00,app[web.1]:,AB_TESTING:,A,1603285846188.00,1603285855697.00,mp3,ahxrnemj,,,,,,,,,
2020-10-21T13:10:56.048389+00:00,app[web.1]:,AB_TESTING:,A,1603285846188.00,1603285855931.00,mp3,ahxrnemj,,,,,,,,,
2020-10-21T13:10:56.276504+00:00,app[web.1]:,AB_TESTING:,A,1603285846188.00,1603285856157.00,mp3,ahxrnemj,,,,,,,,,
2020-10-21T13:10:57.184894+00:00,app[web.1]:,AB_TESTING:,A,1603285846188.00,1603285857073.00,mp3,ahxrnemj,,,,,,,,,
2020-10-21T13:11:00.836387+00:00,app[web.1]:,AB_TESTING:,C,1603285860718.00,0.00,0,ahxrnemj,,,,,,,,,
2020-10-21T13:11:03.137107+00:00,app[web.1]:,AB_TESTING:,A,1603285862787.00,0.00,0,crbcdbjfv,,,,,,,,,
2020-10-21T13:11:04.262337+00:00,app[web.1]:,AB_TESTING:,A,1603285864141.00,0.00,0,ahxrnemj,17953.00,1,A,,,,,,
2020-10-21T13:11:05.071051+00:00,app[web.1]:,AB_TESTING:,A,1603285862787.00,1603285864928.00,mp4,crbcdbjfv,,,,,,,,,
2020-10-21T13:11:05.360143+00:00,app[web.1]:,AB_TESTING:,A,1603285862787.00,1603285865215.00,mp4,crbcdbjfv,,,,,,,,,
2020-10-21T13:11:05.787076+00:00,app[web.1]:,AB_TESTING:,A,1603285862787.00,1603285865641.00,mp4,crbcdbjfv,,,,,,,,,
2020-10-21T13:11:06.116187+00:00,app[web.1]:,AB_TESTING:,A,1603285862787.00,1603285865965.00,mp4,crbcdbjfv,,,,,,,,,
2020-10-21T13:11:06.466277+00:00,app[web.1]:,AB_TESTING:,A,1603285862787.00,1603285866323.00,mp4,crbcdbjfv,,,,,,,,,
2020-10-21T13:11:08.869954+00:00,app[web.1]:,AB_TESTING:,C,1603285868727.00,0.00,0,crbcdbjfv,,,,,,,,,
2020-10-21T13:11:10.836269+00:00,app[web.1]:,AB_TESTING:,A,1603285870681.00,0.00,0,crbcdbjfv,7894.00,1,A,,,,,,
2020-10-21T13:11:37.389984+00:00,app[web.1]:,AB_TESTING:,A,1603285896593.00,0.00,0,mpcfsadfh,,,,,,,,,
2020-10-21T13:12:17.421696+00:00,app[web.1]:,AB_TESTING:,B,1603285937001.00,0.00,0,qkbtdls,,,,,,,,,
2020-10-21T13:12:18.699257+00:00,app[web.1]:,AB_TESTING:,B,1603285937001.00,1603285938284.00,mp1,qkbtdls,,,,,,,,,
2020-10-21T13:12:18.848947+00:00,app[web.1]:,AB_TESTING:,B,1603285937001.00,1603285938442.00,mp1,qkbtdls,,,,,,,,,
2020-10-21T13:12:19.527614+00:00,app[web.1]:,AB_TESTING:,B,1603285938032.00,0.00,0,xknngkto,,,,,,,,,
2020-10-21T13:12:19.716558+00:00,app[web.1]:,AB_TESTING:,B,1603285937001.00,1603285939307.00,mp2,qkbtdls,,,,,,,,,
2020-10-21T13:12:20.119441+00:00,app[web.1]:,AB_TESTING:,B,1603285937001.00,1603285939716.00,mp2,qkbtdls,,,,,,,,,
2020-10-21T13:12:20.330373+00:00,app[web.1]:,AB_TESTING:,B,1603285937001.00,1603285939930.00,mp2,qkbtdls,,,,,,,,,
2020-10-21T13:12:21.182817+00:00,app[web.1]:,AB_TESTING:,B,1603285937001.00,1603285940783.00,mp1,qkbtdls,,,,,,,,,
2020-10-21T13:12:21.595338+00:00,app[web.1]:,AB_TESTING:,B,1603285937001.00,1603285941191.00,mp1,qkbtdls,,,,,,,,,
2020-10-21T13:12:21.769472+00:00,app[web.1]:,AB_TESTING:,B,1603285937001.00,1603285941371.00,mp1,qkbtdls,,,,,,,,,
2020-10-21T13:12:22.074203+00:00,app[web.1]:,AB_TESTING:,B,1603285937001.00,1603285941678.00,mp1,qkbtdls,,,,,,,,,
2020-10-21T13:12:22.291221+00:00,app[web.1]:,AB_TESTING:,B,1603285937001.00,1603285941893.00,mp1,qkbtdls,,,,,,,,,
2020-10-21T13:12:23.752891+00:00,app[web.1]:,AB_TESTING:,B,1603285937001.00,1603285943353.00,mp3,qkbtdls,,,,,,,,,
2020-10-21T13:12:24.834383+00:00,app[web.1]:,AB_TESTING:,C,1603285944428.00,0.00,0,qkbtdls,7427.00,0,B,,,,,,
2020-10-21T13:12:47.235566+00:00,app[web.1]:,AB_TESTING:,A,1603285967067.00,0.00,0,dkkyzwdp,,,,,,,,,
2020-10-21T13:12:48.972110+00:00,app[web.1]:,AB_TESTING:,A,1603285967067.00,1603285968860.00,mp4,dkkyzwdp,,,,,,,,,
2020-10-21T13:12:49.188765+00:00,app[web.1]:,AB_TESTING:,A,1603285967067.00,1603285969077.00,mp4,dkkyzwdp,,,,,,,,,
2020-10-21T13:12:49.427902+00:00,app[web.1]:,AB_TESTING:,A,1603285967067.00,1603285969308.00,mp4,dkkyzwdp,,,,,,,,,
2020-10-21T13:12:49.657780+00:00,app[web.1]:,AB_TESTING:,A,1603285967067.00,1603285969545.00,mp4,dkkyzwdp,,,,,,,,,
2020-10-21T13:12:49.871231+00:00,app[web.1]:,AB_TESTING:,A,1603285967067.00,1603285969761.00,mp4,dkkyzwdp,,,,,,,,,
2020-10-21T13:12:51.704102+00:00,app[web.1]:,AB_TESTING:,C,1603285971586.00,0.00,0,dkkyzwdp,,,,,,,,,
2020-10-21T13:12:54.284371+00:00,app[web.1]:,AB_TESTING:,A,1603285974195.00,0.00,0,cwvchxzylv,,,,,,,,,
2020-10-21T13:12:58.446532+00:00,app[web.1]:,AB_TESTING:,A,1603285978328.00,0.00,0,dkkyzwdp,11261.00,1,A,,,,,,
2020-10-21T13:13:23.158848+00:00,app[web.1]:,AB_TESTING:,B,1603286002841.00,0.00,0,mkkpnkhme,,,,,,,,,
2020-10-21T13:13:25.379765+00:00,app[web.1]:,AB_TESTING:,B,1603286002841.00,1603286005273.00,mp1,mkkpnkhme,,,,,,,,,
2020-10-21T13:13:25.740275+00:00,app[web.1]:,AB_TESTING:,B,1603286002841.00,1603286005629.00,mp1,mkkpnkhme,,,,,,,,,
2020-10-21T13:13:26.544639+00:00,app[web.1]:,AB_TESTING:,B,1603286002841.00,1603286006441.00,mp3,mkkpnkhme,,,,,,,,,
2020-10-21T13:13:26.771299+00:00,app[web.1]:,AB_TESTING:,B,1603286002841.00,1603286006659.00,mp3,mkkpnkhme,,,,,,,,,
2020-10-21T13:13:27.003515+00:00,app[web.1]:,AB_TESTING:,B,1603286002841.00,1603286006895.00,mp3,mkkpnkhme,,,,,,,,,
2020-10-21T13:13:27.813554+00:00,app[web.1]:,AB_TESTING:,B,1603286002841.00,1603286007707.00,mp4,mkkpnkhme,,,,,,,,,
2020-10-21T13:13:28.063018+00:00,app[web.1]:,AB_TESTING:,B,1603286002841.00,1603286007959.00,mp4,mkkpnkhme,,,,,,,,,
2020-10-21T13:13:28.344039+00:00,app[web.1]:,AB_TESTING:,B,1603286002841.00,1603286008243.00,mp4,mkkpnkhme,,,,,,,,,
2020-10-21T13:13:28.616047+00:00,app[web.1]:,AB_TESTING:,B,1603286002841.00,1603286008511.00,mp4,mkkpnkhme,,,,,,,,,
2020-10-21T13:13:29.039886+00:00,app[web.1]:,AB_TESTING:,B,1603286002841.00,1603286008933.00,mp4,mkkpnkhme,,,,,,,,,
2020-10-21T13:13:33.153062+00:00,app[web.1]:,AB_TESTING:,C,1603286013032.00,0.00,0,mkkpnkhme,,,,,,,,,
2020-10-21T13:13:34.857399+00:00,app[web.1]:,AB_TESTING:,B,1603286014754.00,0.00,0,mkkpnkhme,11913.00,1,B,,,,,,
2020-10-21T13:14:22.400909+00:00,app[web.1]:,AB_TESTING:,A,1603285974195.00,1603286062251.00,mp1,cwvchxzylv,,,,,,,,,
2020-10-21T13:14:22.483773+00:00,app[web.1]:,AB_TESTING:,A,1603285974195.00,1603286062453.00,mp1,cwvchxzylv,,,,,,,,,
2020-10-21T13:14:22.612207+00:00,app[web.1]:,AB_TESTING:,A,1603285974195.00,1603286062584.00,mp1,cwvchxzylv,,,,,,,,,
2020-10-21T13:14:22.823173+00:00,app[web.1]:,AB_TESTING:,A,1603285974195.00,1603286062784.00,mp1,cwvchxzylv,,,,,,,,,
2020-10-21T13:14:24.490932+00:00,app[web.1]:,AB_TESTING:,A,1603285974195.00,1603286064451.00,mp1,cwvchxzylv,,,,,,,,,
2020-10-21T13:14:25.585426+00:00,app[web.1]:,AB_TESTING:,A,1603285974195.00,1603286065553.00,mp3,cwvchxzylv,,,,,,,,,
2020-10-21T13:14:25.795570+00:00,app[web.1]:,AB_TESTING:,A,1603285974195.00,1603286065769.00,mp3,cwvchxzylv,,,,,,,,,
2020-10-21T13:14:29.063532+00:00,app[web.1]:,AB_TESTING:,A,1603285974195.00,1603286069031.00,mp4,cwvchxzylv,,,,,,,,,
2020-10-21T13:14:30.158965+00:00,app[web.1]:,AB_TESTING:,A,1603285974195.00,1603286070135.00,mp1,cwvchxzylv,,,,,,,,,
2020-10-21T13:14:31.895525+00:00,app[web.1]:,AB_TESTING:,C,1603286071809.00,0.00,0,cwvchxzylv,97614.00,0,A,,,,,,
2020-10-21T13:14:56.755782+00:00,app[web.1]:,AB_TESTING:,A,1603286096681.00,0.00,0,nzmtwejm,,,,,,,,,
2020-10-21T13:14:57.792268+00:00,app[web.1]:,AB_TESTING:,A,1603286096681.00,1603286097750.00,mp1,nzmtwejm,,,,,,,,,
2020-10-21T13:14:58.539205+00:00,app[web.1]:,AB_TESTING:,A,1603286096681.00,1603286098501.00,mp2,nzmtwejm,,,,,,,,,
2020-10-21T13:14:59.535258+00:00,app[web.1]:,AB_TESTING:,A,1603286096681.00,1603286099495.00,mp3,nzmtwejm,,,,,,,,,
2020-10-21T13:15:00.443626+00:00,app[web.1]:,AB_TESTING:,A,1603286096681.00,1603286100407.00,mp4,nzmtwejm,,,,,,,,,
2020-10-21T13:15:00.620702+00:00,app[web.1]:,AB_TESTING:,A,1603286096681.00,1603286100584.00,mp4,nzmtwejm,,,,,,,,,
2020-10-21T13:15:00.813609+00:00,app[web.1]:,AB_TESTING:,A,1603286096681.00,1603286100778.00,mp4,nzmtwejm,,,,,,,,,
2020-10-21T13:15:01.007019+00:00,app[web.1]:,AB_TESTING:,A,1603286096681.00,1603286100965.00,mp4,nzmtwejm,,,,,,,,,
2020-10-21T13:15:01.175633+00:00,app[web.1]:,AB_TESTING:,A,1603286096681.00,1603286101134.00,mp4,nzmtwejm,,,,,,,,,
2020-10-21T13:15:01.345863+00:00,app[web.1]:,AB_TESTING:,A,1603286096681.00,1603286101312.00,mp4,nzmtwejm,,,,,,,,,
2020-10-21T13:15:01.524940+00:00,app[web.1]:,AB_TESTING:,A,1603286096681.00,1603286101490.00,mp4,nzmtwejm,,,,,,,,,
2020-10-21T13:15:01.704005+00:00,app[web.1]:,AB_TESTING:,A,1603286096681.00,1603286101667.00,mp4,nzmtwejm,,,,,,,,,
2020-10-21T13:15:04.494225+00:00,app[web.1]:,AB_TESTING:,C,1603286104446.00,0.00,0,nzmtwejm,7765.00,0,A,,,,,,
2020-10-21T13:16:18.468037+00:00,app[web.1]:,AB_TESTING:,A,1603285896593.00,1603286177417.00,mp3,mpcfsadfh,,,,,,,,,
2020-10-21T13:16:18.697583+00:00,app[web.1]:,AB_TESTING:,A,1603285896593.00,1603286178513.00,mp4,mpcfsadfh,,,,,,,,,
2020-10-21T13:16:19.048701+00:00,app[web.1]:,AB_TESTING:,A,1603285896593.00,1603286178859.00,mp3,mpcfsadfh,,,,,,,,,
2020-10-21T13:16:19.760291+00:00,app[web.1]:,AB_TESTING:,A,1603285896593.00,1603286179568.00,mp4,mpcfsadfh,,,,,,,,,
2020-10-21T13:16:20.517936+00:00,app[web.1]:,AB_TESTING:,A,1603285896593.00,1603286180220.00,mp3,mpcfsadfh,,,,,,,,,
2020-10-21T13:16:21.126558+00:00,app[web.1]:,AB_TESTING:,A,1603285896593.00,1603286180937.00,mp4,mpcfsadfh,,,,,,,,,
2020-10-21T13:16:21.758305+00:00,app[web.1]:,AB_TESTING:,A,1603285896593.00,1603286181565.00,mp3,mpcfsadfh,this is the one that waited,,,,,,,,
2020-10-21T13:16:25.092232+00:00,app[web.1]:,AB_TESTING:,C,1603286184889.00,0.00,0,mpcfsadfh,288296.00,0,A,,,,,,
2020-10-21T13:17:35.012264+00:00,app[web.1]:,AB_TESTING:,A,1603286228884.00,0.00,0,abqadxd,,,,,,,,,
2020-10-21T13:17:45.360092+00:00,app[web.1]:,AB_TESTING:,A,1603286228884.00,1603286239308.00,mp1,abqadxd,,,,,,,,,
2020-10-21T13:17:46.740502+00:00,app[web.1]:,AB_TESTING:,A,1603286228884.00,1603286240683.00,mp2,abqadxd,,,,,,,,,
2020-10-21T13:17:48.135763+00:00,app[web.1]:,AB_TESTING:,A,1603286228884.00,1603286242080.00,mp3,abqadxd,,,,,,,,,
2020-10-21T13:17:49.328513+00:00,app[web.1]:,AB_TESTING:,A,1603286228884.00,1603286243273.00,mp4,abqadxd,,,,,,,,,
2020-10-21T13:17:50.242852+00:00,app[web.1]:,AB_TESTING:,A,1603286228884.00,1603286244162.00,mp4,abqadxd,,,,,,,,,
2020-10-21T13:17:54.307284+00:00,app[web.1]:,AB_TESTING:,A,1603286228884.00,1603286248246.00,mp2,abqadxd,,,,,,,,,
2020-10-21T13:17:56.870309+00:00,app[web.1]:,AB_TESTING:,A,1603286228884.00,1603286250811.00,mp3,abqadxd,,,,,,,,,
2020-10-21T13:17:58.068112+00:00,app[web.1]:,AB_TESTING:,A,1603286228884.00,1603286252012.00,mp3,abqadxd,,,,,,,,,
2020-10-21T13:18:01.734100+00:00,app[web.1]:,AB_TESTING:,C,1603286255664.00,0.00,0,abqadxd,26780.00,0,A,,,,,,
2020-10-21T13:27:48.171378+00:00,app[web.1]:,AB_TESTING:,A,1603286867470.00,0.00,0,bhrpppe,,,,,,,,,
2020-10-21T13:30:18.499749+00:00,app[web.1]:,AB_TESTING:,A,1603286867470.00,1603287017492.00,mp4,bhrpppe,,,,,,,,,
2020-10-21T13:30:18.806208+00:00,app[web.1]:,AB_TESTING:,A,1603286867470.00,1603287018647.00,mp4,bhrpppe,,,,,,,,,
2020-10-21T13:30:19.121910+00:00,app[web.1]:,AB_TESTING:,A,1603286867470.00,1603287018960.00,mp4,bhrpppe,,,,,,,,,
2020-10-21T13:30:19.402928+00:00,app[web.1]:,AB_TESTING:,A,1603286867470.00,1603287019250.00,mp4,bhrpppe,,,,,,,,,
2020-10-21T13:30:19.710714+00:00,app[web.1]:,AB_TESTING:,A,1603286867470.00,1603287019547.00,mp4,bhrpppe,,,,,,,,,
2020-10-21T13:30:20.023081+00:00,app[web.1]:,AB_TESTING:,A,1603286867470.00,1603287019855.00,mp4,bhrpppe,,,,,,,,,
2020-10-21T13:30:20.338675+00:00,app[web.1]:,AB_TESTING:,A,1603286867470.00,1603287020154.00,mp4,bhrpppe,,,,,,,,,
2020-10-21T13:30:22.882535+00:00,app[web.1]:,AB_TESTING:,C,1603287022711.00,0.00,0,bhrpppe,155241.00,0,A,,,,,,
2020-10-21T21:34:54.732065+00:00,app[web.1]:,AB_TESTING:,A,1603316094664.00,0.00,0,mabbomhi,,,,,,,,,
2020-10-21T21:35:00.378959+00:00,app[web.1]:,AB_TESTING:,A,1603316094664.00,1603316100363.00,mp1,mabbomhi,,,,,,,,,
2020-10-21T21:35:03.282020+00:00,app[web.1]:,AB_TESTING:,A,1603316094664.00,1603316103255.00,mp2,mabbomhi,,,,,,,,,
2020-10-21T21:35:06.213931+00:00,app[web.1]:,AB_TESTING:,A,1603316094664.00,1603316106201.00,mp3,mabbomhi,,,,,,,,,
2020-10-21T21:35:07.779740+00:00,app[web.1]:,AB_TESTING:,A,1603316094664.00,1603316107697.00,mp4,mabbomhi,,,,,,,,,
2020-10-21T21:35:08.183012+00:00,app[web.1]:,AB_TESTING:,A,1603316094664.00,1603316108170.00,mp4,mabbomhi,,,,,,,,,
2020-10-21T21:35:09.824018+00:00,app[web.1]:,AB_TESTING:,A,1603316094664.00,1603316109813.00,mp2,mabbomhi,,,,,,,,,
2020-10-21T21:35:11.054948+00:00,app[web.1]:,AB_TESTING:,A,1603316094664.00,1603316111045.00,mp1,mabbomhi,,,,,,,,,
2020-10-21T21:35:13.178903+00:00,app[web.1]:,AB_TESTING:,C,1603316113165.00,0.00,0,mabbomhi,,,,,,,,,
2020-10-21T21:35:15.993565+00:00,app[web.1]:,AB_TESTING:,A,1603316115981.00,0.00,0,mabbomhi,,,,,,,,,
2020-10-21T21:35:17.449108+00:00,app[web.1]:,AB_TESTING:,A,1603316115981.00,1603316117438.00,mp3,mabbomhi,,,,,,,,,
2020-10-21T21:35:19.861085+00:00,app[web.1]:,AB_TESTING:,C,1603316119559.00,0.00,0,mabbomhi,,,,,,,,,
2020-10-21T21:35:23.592599+00:00,app[web.1]:,AB_TESTING:,A,1603316123570.00,0.00,0,mabbomhi,28906.00,2,A,,,,,,
2020-10-21T21:37:48.763982+00:00,app[web.1]:,AB_TESTING:,B,1603316268523.00,0.00,0,ghbonaxk,,,,,,,,,
2020-10-21T21:37:50.500301+00:00,app[web.1]:,AB_TESTING:,B,1603316268523.00,1603316270261.00,mp1,ghbonaxk,,,,,,,,,
2020-10-21T21:37:50.625772+00:00,app[web.1]:,AB_TESTING:,B,1603316268523.00,1603316270386.00,mp1,ghbonaxk,,,,,,,,,
2020-10-21T21:37:51.136151+00:00,app[web.1]:,AB_TESTING:,B,1603316268523.00,1603316270893.00,mp2,ghbonaxk,,,,,,,,,
2020-10-21T21:37:51.284142+00:00,app[web.1]:,AB_TESTING:,B,1603316268523.00,1603316271043.00,mp2,ghbonaxk,,,,,,,,,
2020-10-21T21:37:51.428675+00:00,app[web.1]:,AB_TESTING:,B,1603316268523.00,1603316271186.00,mp2,ghbonaxk,,,,,,,,,
2020-10-21T21:37:51.950810+00:00,app[web.1]:,AB_TESTING:,B,1603316268523.00,1603316271710.00,mp1,ghbonaxk,,,,,,,,,
2020-10-21T21:37:52.162801+00:00,app[web.1]:,AB_TESTING:,B,1603316268523.00,1603316271925.00,mp1,ghbonaxk,,,,,,,,,
2020-10-21T21:37:52.299885+00:00,app[web.1]:,AB_TESTING:,B,1603316268523.00,1603316272056.00,mp1,ghbonaxk,,,,,,,,,
2020-10-21T21:37:52.467955+00:00,app[web.1]:,AB_TESTING:,B,1603316268523.00,1603316272222.00,mp1,ghbonaxk,,,,,,,,,
2020-10-21T21:37:52.860105+00:00,app[web.1]:,AB_TESTING:,B,1603316268523.00,1603316272615.00,mp3,ghbonaxk,,,,,,,,,
2020-10-21T21:37:54.395758+00:00,app[web.1]:,AB_TESTING:,C,1603316274154.00,0.00,0,ghbonaxk,5631.00,0,B,,,,,,
2020-10-21T21:38:10.874264+00:00,app[web.1]:,AB_TESTING:,A,1603316290871.00,0.00,0,pzxdkosfj,,,,,,,,,
2020-10-21T21:38:12.433979+00:00,app[web.1]:,AB_TESTING:,A,1603316290871.00,1603316292438.00,mp1,pzxdkosfj,,,,,,,,,
2020-10-21T21:38:12.598800+00:00,app[web.1]:,AB_TESTING:,A,1603316290871.00,1603316292605.00,mp1,pzxdkosfj,,,,,,,,,
2020-10-21T21:38:12.914361+00:00,app[web.1]:,AB_TESTING:,A,1603316290871.00,1603316292921.00,mp1,pzxdkosfj,,,,,,,,,
2020-10-21T21:38:13.085412+00:00,app[web.1]:,AB_TESTING:,A,1603316290871.00,1603316293092.00,mp1,pzxdkosfj,,,,,,,,,
2020-10-21T21:38:13.952163+00:00,app[web.1]:,AB_TESTING:,A,1603316290871.00,1603316293950.00,mp3,pzxdkosfj,,,,,,,,,
2020-10-21T21:38:14.116060+00:00,app[web.1]:,AB_TESTING:,A,1603316290871.00,1603316294120.00,mp3,pzxdkosfj,,,,,,,,,
2020-10-21T21:38:14.294761+00:00,app[web.1]:,AB_TESTING:,A,1603316290871.00,1603316294300.00,mp3,pzxdkosfj,,,,,,,,,
2020-10-21T21:38:14.492052+00:00,app[web.1]:,AB_TESTING:,A,1603316290871.00,1603316294472.00,mp3,pzxdkosfj,,,,,,,,,
2020-10-21T21:38:14.637812+00:00,app[web.1]:,AB_TESTING:,A,1603316290871.00,1603316294646.00,mp3,pzxdkosfj,,,,,,,,,
2020-10-21T21:38:15.720664+00:00,app[web.1]:,AB_TESTING:,A,1603316290871.00,1603316295716.00,mp4,pzxdkosfj,,,,,,,,,
2020-10-21T21:38:15.897177+00:00,app[web.1]:,AB_TESTING:,A,1603316290871.00,1603316295902.00,mp4,pzxdkosfj,,,,,,,,,
2020-10-21T21:38:16.072015+00:00,app[web.1]:,AB_TESTING:,A,1603316290871.00,1603316296079.00,mp4,pzxdkosfj,,,,,,,,,
2020-10-21T21:38:16.247382+00:00,app[web.1]:,AB_TESTING:,A,1603316290871.00,1603316296255.00,mp4,pzxdkosfj,,,,,,,,,
2020-10-21T21:38:16.429563+00:00,app[web.1]:,AB_TESTING:,A,1603316290871.00,1603316296435.00,mp4,pzxdkosfj,,,,,,,,,
2020-10-21T21:38:16.594931+00:00,app[web.1]:,AB_TESTING:,A,1603316290871.00,1603316296596.00,mp4,pzxdkosfj,,,,,,,,,
2020-10-21T21:38:16.735940+00:00,app[web.1]:,AB_TESTING:,A,1603316290871.00,1603316296737.00,mp4,pzxdkosfj,5866.00,0,A,,,,,,
2020-10-21T21:40:03.273472+00:00,app[web.1]:,AB_TESTING:,B,1603316403169.00,0.00,0,rjexigxrul,,,,,,,,,
2020-10-21T21:40:17.964158+00:00,app[web.1]:,AB_TESTING:,A,1603316417898.00,0.00,0,hmkwqeikg,,,,,,,,,
2020-10-21T21:40:18.760217+00:00,app[web.1]:,AB_TESTING:,A,1603316417898.00,1603316418703.00,mp2,hmkwqeikg,,,,,,,,,
2020-10-21T21:40:18.922836+00:00,app[web.1]:,AB_TESTING:,A,1603316417898.00,1603316418864.00,mp2,hmkwqeikg,,,,,,,,,
2020-10-21T21:40:19.068741+00:00,app[web.1]:,AB_TESTING:,A,1603316417898.00,1603316419016.00,mp2,hmkwqeikg,,,,,,,,,
2020-10-21T21:40:19.221712+00:00,app[web.1]:,AB_TESTING:,A,1603316417898.00,1603316419170.00,mp2,hmkwqeikg,,,,,,,,,
2020-10-21T21:40:19.365814+00:00,app[web.1]:,AB_TESTING:,A,1603316417898.00,1603316419310.00,mp2,hmkwqeikg,,,,,,,,,
2020-10-21T21:40:19.520964+00:00,app[web.1]:,AB_TESTING:,A,1603316417898.00,1603316419465.00,mp2,hmkwqeikg,,,,,,,,,
2020-10-21T21:40:19.686479+00:00,app[web.1]:,AB_TESTING:,A,1603316417898.00,1603316419629.00,mp2,hmkwqeikg,,,,,,,,,
2020-10-21T21:40:19.848780+00:00,app[web.1]:,AB_TESTING:,A,1603316417898.00,1603316419793.00,mp2,hmkwqeikg,,,,,,,,,
2020-10-21T21:40:20.015930+00:00,app[web.1]:,AB_TESTING:,A,1603316417898.00,1603316419954.00,mp2,hmkwqeikg,,,,,,,,,
2020-10-21T21:40:20.168258+00:00,app[web.1]:,AB_TESTING:,A,1603316417898.00,1603316420122.00,mp2,hmkwqeikg,,,,,,,,,
2020-10-21T21:40:20.528442+00:00,app[web.1]:,AB_TESTING:,A,1603316417898.00,1603316420473.00,mp1,hmkwqeikg,,,,,,,,,
2020-10-21T21:40:20.688012+00:00,app[web.1]:,AB_TESTING:,A,1603316417898.00,1603316420633.00,mp1,hmkwqeikg,,,,,,,,,
2020-10-21T21:40:20.845040+00:00,app[web.1]:,AB_TESTING:,A,1603316417898.00,1603316420789.00,mp1,hmkwqeikg,,,,,,,,,
2020-10-21T21:40:20.990731+00:00,app[web.1]:,AB_TESTING:,A,1603316417898.00,1603316420935.00,mp1,hmkwqeikg,,,,,,,,,
2020-10-21T21:40:21.156737+00:00,app[web.1]:,AB_TESTING:,A,1603316417898.00,1603316421101.00,mp1,hmkwqeikg,,,,,,,,,
2020-10-21T21:40:21.310300+00:00,app[web.1]:,AB_TESTING:,A,1603316417898.00,1603316421257.00,mp1,hmkwqeikg,,,,,,,,,
2020-10-21T21:40:22.186926+00:00,app[web.1]:,AB_TESTING:,C,1603316422131.00,0.00,0,hmkwqeikg,,,,,,,,,
2020-10-21T21:40:23.822247+00:00,app[web.1]:,AB_TESTING:,A,1603316423767.00,0.00,0,hmkwqeikg,5869.00,1,A,,,,,,
2020-10-21T21:40:44.547243+00:00,app[web.1]:,AB_TESTING:,B,1603316444424.00,0.00,0,idmcdnib,,,,,,,,,
2020-10-21T21:40:46.351055+00:00,app[web.1]:,AB_TESTING:,B,1603316444424.00,1603316446278.00,mp4,idmcdnib,,,,,,,,,
2020-10-21T21:40:46.507082+00:00,app[web.1]:,AB_TESTING:,B,1603316444424.00,1603316446432.00,mp4,idmcdnib,,,,,,,,,
2020-10-21T21:40:46.678464+00:00,app[web.1]:,AB_TESTING:,B,1603316444424.00,1603316446601.00,mp4,idmcdnib,,,,,,,,,
2020-10-21T21:40:46.828704+00:00,app[web.1]:,AB_TESTING:,B,1603316444424.00,1603316446754.00,mp4,idmcdnib,,,,,,,,,
2020-10-21T21:40:46.977052+00:00,app[web.1]:,AB_TESTING:,B,1603316444424.00,1603316446900.00,mp4,idmcdnib,,,,,,,,,
2020-10-21T21:40:47.126550+00:00,app[web.1]:,AB_TESTING:,B,1603316444424.00,1603316447055.00,mp4,idmcdnib,,,,,,,,,
2020-10-21T21:40:47.255816+00:00,app[web.1]:,AB_TESTING:,B,1603316444424.00,1603316447183.00,mp4,idmcdnib,,,,,,,,,
2020-10-21T21:40:48.869646+00:00,app[web.1]:,AB_TESTING:,C,1603316448797.00,0.00,0,idmcdnib,4373.00,0,B,,,,,,
2020-10-21T21:41:06.039330+00:00,app[web.1]:,AB_TESTING:,B,1603316403169.00,1603316465885.00,mp4,rjexigxrul,,,,,,,,,
2020-10-21T21:41:06.102356+00:00,app[web.1]:,AB_TESTING:,B,1603316403169.00,1603316466055.00,mp4,rjexigxrul,,,,,,,,,
2020-10-21T21:41:06.335260+00:00,app[web.1]:,AB_TESTING:,B,1603316403169.00,1603316466284.00,mp4,rjexigxrul,,,,,,,,,
2020-10-21T21:41:06.787051+00:00,app[web.1]:,AB_TESTING:,B,1603316403169.00,1603316466737.00,mp4,rjexigxrul,,,,,,,,,
2020-10-21T21:41:06.965977+00:00,app[web.1]:,AB_TESTING:,B,1603316403169.00,1603316466918.00,mp4,rjexigxrul,,,,,,,,,
2020-10-21T21:41:07.146067+00:00,app[web.1]:,AB_TESTING:,B,1603316403169.00,1603316467099.00,mp4,rjexigxrul,,,,,,,,,
2020-10-21T21:41:07.273608+00:00,app[web.1]:,AB_TESTING:,B,1603316403169.00,1603316467223.00,mp4,rjexigxrul,,,,,,,,,
2020-10-21T21:41:15.256909+00:00,app[web.1]:,AB_TESTING:,C,1603316475215.00,0.00,0,rjexigxrul,another one that waited,,,,,,,,
2020-10-21T21:41:17.266649+00:00,app[web.1]:,AB_TESTING:,B,1603316477222.00,0.00,0,rjexigxrul,74053.00,1,B,,,,,,
2020-10-21T21:42:35.167865+00:00,app[web.1]:,AB_TESTING:,A,1603316555133.00,0.00,0,blqwmwwst,,,,,,,,,
2020-10-21T21:42:36.406433+00:00,app[web.1]:,AB_TESTING:,A,1603316555133.00,1603316556371.00,mp4,blqwmwwst,,,,,,,,,
2020-10-21T21:42:36.560958+00:00,app[web.1]:,AB_TESTING:,A,1603316555133.00,1603316556525.00,mp4,blqwmwwst,,,,,,,,,
2020-10-21T21:42:36.726018+00:00,app[web.1]:,AB_TESTING:,A,1603316555133.00,1603316556682.00,mp4,blqwmwwst,,,,,,,,,
2020-10-21T21:42:36.867903+00:00,app[web.1]:,AB_TESTING:,A,1603316555133.00,1603316556828.00,mp4,blqwmwwst,,,,,,,,,
2020-10-21T21:42:38.308105+00:00,app[web.1]:,AB_TESTING:,A,1603316555133.00,1603316558262.00,mp1,blqwmwwst,3129.00,0,A,,,,,,
2020-10-21T21:43:08.336355+00:00,app[web.1]:,AB_TESTING:,A,1603316588246.00,0.00,0,wnhkgijf,,,,,,,,,
2020-10-21T21:43:09.208965+00:00,app[web.1]:,AB_TESTING:,A,1603316588246.00,1603316589137.00,mp2,wnhkgijf,,,,,,,,,
2020-10-21T21:43:09.344892+00:00,app[web.1]:,AB_TESTING:,A,1603316588246.00,1603316589280.00,mp2,wnhkgijf,,,,,,,,,
2020-10-21T21:43:09.498812+00:00,app[web.1]:,AB_TESTING:,A,1603316588246.00,1603316589430.00,mp2,wnhkgijf,,,,,,,,,
2020-10-21T21:43:09.648465+00:00,app[web.1]:,AB_TESTING:,A,1603316588246.00,1603316589581.00,mp2,wnhkgijf,,,,,,,,,
2020-10-21T21:43:09.790815+00:00,app[web.1]:,AB_TESTING:,A,1603316588246.00,1603316589720.00,mp2,wnhkgijf,,,,,,,,,
2020-10-21T21:43:09.917538+00:00,app[web.1]:,AB_TESTING:,A,1603316588246.00,1603316589854.00,mp2,wnhkgijf,,,,,,,,,
2020-10-21T21:43:10.081979+00:00,app[web.1]:,AB_TESTING:,A,1603316588246.00,1603316590012.00,mp2,wnhkgijf,,,,,,,,,
2020-10-21T21:43:10.363841+00:00,app[web.1]:,AB_TESTING:,A,1603316588246.00,1603316590302.00,mp2,wnhkgijf,,,,,,,,,
2020-10-21T21:43:10.533966+00:00,app[web.1]:,AB_TESTING:,A,1603316588246.00,1603316590460.00,mp2,wnhkgijf,,,,,,,,,
2020-10-21T21:43:10.688222+00:00,app[web.1]:,AB_TESTING:,A,1603316588246.00,1603316590608.00,mp2,wnhkgijf,,,,,,,,,
2020-10-21T21:43:10.836125+00:00,app[web.1]:,AB_TESTING:,A,1603316588246.00,1603316590758.00,mp2,wnhkgijf,,,,,,,,,
2020-10-21T21:43:11.698959+00:00,app[web.1]:,AB_TESTING:,C,1603316591625.00,0.00,0,wnhkgijf,3379.00,0,A,,,,,,
2020-10-21T21:43:51.481225+00:00,app[web.1]:,AB_TESTING:,B,1603316631421.00,0.00,0,juqagmlo,,,,,,,,,
2020-10-21T21:43:52.704505+00:00,app[web.1]:,AB_TESTING:,B,1603316631421.00,1603316632664.00,mp1,juqagmlo,,,,,,,,,
2020-10-21T21:43:52.858362+00:00,app[web.1]:,AB_TESTING:,B,1603316631421.00,1603316632833.00,mp1,juqagmlo,,,,,,,,,
2020-10-21T21:43:53.621655+00:00,app[web.1]:,AB_TESTING:,B,1603316631421.00,1603316633592.00,mp2,juqagmlo,,,,,,,,,
2020-10-21T21:43:53.788732+00:00,app[web.1]:,AB_TESTING:,B,1603316631421.00,1603316633747.00,mp2,juqagmlo,,,,,,,,,
2020-10-21T21:43:53.957562+00:00,app[web.1]:,AB_TESTING:,B,1603316631421.00,1603316633925.00,mp2,juqagmlo,,,,,,,,,
2020-10-21T21:43:55.487283+00:00,app[web.1]:,AB_TESTING:,B,1603316631421.00,1603316635430.00,mp4,juqagmlo,,,,,,,,,
2020-10-21T21:43:56.636051+00:00,app[web.1]:,AB_TESTING:,B,1603316631421.00,1603316636593.00,mp3,juqagmlo,,,,,,,,,
2020-10-21T21:43:58.124439+00:00,app[web.1]:,AB_TESTING:,A,1603316638713.00,0.00,0,ublcqggq,,,,,,,,,
2020-10-21T21:43:58.817391+00:00,app[web.1]:,AB_TESTING:,C,1603316638783.00,0.00,0,juqagmlo,,,,,,,,,
2020-10-21T21:44:00.133216+00:00,app[web.1]:,AB_TESTING:,B,1603316640108.00,0.00,0,juqagmlo,,,,,,,,,
2020-10-21T21:44:00.714027+00:00,app[web.1]:,AB_TESTING:,A,1603316638713.00,1603316641229.00,mp3,ublcqggq,,,,,,,,,
2020-10-21T21:44:00.800768+00:00,app[web.1]:,AB_TESTING:,A,1603316638713.00,1603316641390.00,mp3,ublcqggq,,,,,,,,,
2020-10-21T21:44:00.996556+00:00,app[web.1]:,AB_TESTING:,A,1603316638713.00,1603316641566.00,mp3,ublcqggq,,,,,,,,,
2020-10-21T21:44:01.068021+00:00,app[web.1]:,AB_TESTING:,B,1603316640108.00,1603316641019.00,mp2,juqagmlo,,,,,,,,,
2020-10-21T21:44:01.152355+00:00,app[web.1]:,AB_TESTING:,A,1603316638713.00,1603316641749.00,mp3,ublcqggq,,,,,,,,,
2020-10-21T21:44:01.596415+00:00,app[web.1]:,AB_TESTING:,A,1603316638713.00,1603316642193.00,mp3,ublcqggq,,,,,,,,,
2020-10-21T21:44:01.718819+00:00,app[web.1]:,AB_TESTING:,B,1603316640108.00,1603316641685.00,mp1,juqagmlo,,,,,,,,,
2020-10-21T21:44:01.932020+00:00,app[web.1]:,AB_TESTING:,A,1603316638713.00,1603316642518.00,mp3,ublcqggq,,,,,,,,,
2020-10-21T21:44:02.138513+00:00,app[web.1]:,AB_TESTING:,A,1603316638713.00,1603316642728.00,mp3,ublcqggq,,,,,,,,,
2020-10-21T21:44:03.119921+00:00,app[web.1]:,AB_TESTING:,C,1603316643089.00,0.00,0,juqagmlo,11668.00,1,B,,,,,,
2020-10-21T21:44:03.267595+00:00,app[web.1]:,AB_TESTING:,A,1603316638713.00,1603316643862.00,mp4,ublcqggq,,,,,,,,,
2020-10-21T21:44:03.460150+00:00,app[web.1]:,AB_TESTING:,A,1603316638713.00,1603316644051.00,mp4,ublcqggq,,,,,,,,,
2020-10-21T21:44:03.617194+00:00,app[web.1]:,AB_TESTING:,A,1603316638713.00,1603316644206.00,mp4,ublcqggq,,,,,,,,,
2020-10-21T21:44:03.761851+00:00,app[web.1]:,AB_TESTING:,A,1603316638713.00,1603316644359.00,mp4,ublcqggq,,,,,,,,,
2020-10-21T21:44:03.925799+00:00,app[web.1]:,AB_TESTING:,A,1603316638713.00,1603316644527.00,mp4,ublcqggq,,,,,,,,,
2020-10-21T21:44:04.094231+00:00,app[web.1]:,AB_TESTING:,A,1603316638713.00,1603316644695.00,mp4,ublcqggq,,,,,,,,,
2020-10-21T21:44:04.313103+00:00,app[web.1]:,AB_TESTING:,A,1603316638713.00,1603316644910.00,mp4,ublcqggq,,,,,,,,,
2020-10-21T21:44:09.209730+00:00,app[web.1]:,AB_TESTING:,C,1603316649797.00,0.00,0,ublcqggq,,,,,,,,,
2020-10-21T21:44:10.789118+00:00,app[web.1]:,AB_TESTING:,A,1603316651357.00,0.00,0,ublcqggq,,,,,,,,,
2020-10-21T21:44:12.489466+00:00,app[web.1]:,AB_TESTING:,C,1603316653076.00,0.00,0,ublcqggq,,,,,,,,,
2020-10-21T21:44:13.845876+00:00,app[web.1]:,AB_TESTING:,A,1603316654443.00,0.00,0,ublcqggq,15730.00,2,A,,,,,,
2020-10-21T21:45:07.099764+00:00,app[web.1]:,AB_TESTING:,B,1603316707046.00,0.00,0,wzsnxsee,,,,,,,,,
2020-10-21T21:45:08.712629+00:00,app[web.1]:,AB_TESTING:,B,1603316707046.00,1603316708678.00,mp4,wzsnxsee,,,,,,,,,
2020-10-21T21:45:08.868447+00:00,app[web.1]:,AB_TESTING:,B,1603316707046.00,1603316708827.00,mp4,wzsnxsee,,,,,,,,,
2020-10-21T21:45:09.000329+00:00,app[web.1]:,AB_TESTING:,B,1603316707046.00,1603316708964.00,mp4,wzsnxsee,,,,,,,,,
2020-10-21T21:45:09.139852+00:00,app[web.1]:,AB_TESTING:,B,1603316707046.00,1603316709095.00,mp4,wzsnxsee,,,,,,,,,
2020-10-21T21:45:09.275987+00:00,app[web.1]:,AB_TESTING:,B,1603316707046.00,1603316709238.00,mp4,wzsnxsee,,,,,,,,,
2020-10-21T21:45:10.220711+00:00,app[web.1]:,AB_TESTING:,B,1603316707046.00,1603316710185.00,mp3,wzsnxsee,,,,,,,,,
2020-10-21T21:45:10.366400+00:00,app[web.1]:,AB_TESTING:,B,1603316707046.00,1603316710331.00,mp3,wzsnxsee,,,,,,,,,
2020-10-21T21:45:10.500125+00:00,app[web.1]:,AB_TESTING:,B,1603316707046.00,1603316710452.00,mp3,wzsnxsee,,,,,,,,,
2020-10-21T21:45:10.616357+00:00,app[web.1]:,AB_TESTING:,B,1603316707046.00,1603316710581.00,mp3,wzsnxsee,,,,,,,,,
2020-10-21T21:45:10.740391+00:00,app[web.1]:,AB_TESTING:,B,1603316707046.00,1603316710703.00,mp3,wzsnxsee,,,,,,,,,
2020-10-21T21:45:11.820301+00:00,app[web.1]:,AB_TESTING:,C,1603316711781.00,0.00,0,wzsnxsee,,,,,,,,,
2020-10-21T21:45:13.585957+00:00,app[web.1]:,AB_TESTING:,C,1603316713543.00,0.00,0,wzsnxsee,,,,,,,,,
2020-10-21T21:45:15.845317+00:00,app[web.1]:,AB_TESTING:,B,1603316715788.00,0.00,0,wzsnxsee,,,,,,,,,
2020-10-21T21:45:16.840361+00:00,app[web.1]:,AB_TESTING:,B,1603316716802.00,0.00,0,wzsnxsee,,,,,,,,,
2020-10-21T21:45:18.144768+00:00,app[web.1]:,AB_TESTING:,B,1603316718098.00,0.00,0,wzsnxsee,,,,,,,,,
2020-10-21T21:45:19.128765+00:00,app[web.1]:,AB_TESTING:,B,1603316719055.00,0.00,0,wzsnxsee,,,,,,,,,
2020-10-21T21:45:22.589961+00:00,app[web.1]:,AB_TESTING:,B,1603316722547.00,0.00,0,wzsnxsee,,,,,,,,,
2020-10-21T21:45:23.884700+00:00,app[web.1]:,AB_TESTING:,B,1603316723843.00,0.00,0,wzsnxsee,,,,,,,,,
2020-10-21T21:45:25.273024+00:00,app[web.1]:,AB_TESTING:,B,1603316725216.00,0.00,0,wzsnxsee,,,,,,,,,
2020-10-21T21:45:26.239994+00:00,app[web.1]:,AB_TESTING:,B,1603316725973.00,0.00,0,wzsnxsee,,,,,,,,,
2020-10-21T21:45:26.965245+00:00,app[web.1]:,AB_TESTING:,B,1603316726813.00,0.00,0,wzsnxsee,,,,,,,,,
2020-10-21T21:45:28.011701+00:00,app[web.1]:,AB_TESTING:,B,1603316727873.00,0.00,0,wzsnxsee,,,,,,,,,
2020-10-21T21:45:31.846482+00:00,app[web.1]:,AB_TESTING:,B,1603316731807.00,0.00,0,wzsnxsee,,,,,,,,,
2020-10-21T21:45:50.023232+00:00,app[web.1]:,AB_TESTING:,B,1603316749985.00,0.00,0,wzsnxsee,42939.00,1,B,,,,,,
2020-10-21T21:45:51.971360+00:00,app[web.1]:,AB_TESTING:,A,1603316751935.00,0.00,0,wzsnxsee,,,,,,,,,
2020-10-21T21:45:53.832548+00:00,app[web.1]:,AB_TESTING:,A,1603316753797.00,0.00,0,wzsnxsee,,,,,,,,,
2020-10-21T21:49:23.794487+00:00,app[web.1]:,AB_TESTING:,B,1603316963698.00,0.00,0,pnecazvcsb,,,,,,,,,
2020-10-21T21:49:25.215603+00:00,app[web.1]:,AB_TESTING:,B,1603316963698.00,1603316965156.00,mp4,pnecazvcsb,,,,,,,,,
2020-10-21T21:49:25.671868+00:00,app[web.1]:,AB_TESTING:,B,1603316963698.00,1603316965607.00,mp4,pnecazvcsb,,,,,,,,,
2020-10-21T21:49:26.012092+00:00,app[web.1]:,AB_TESTING:,B,1603316963698.00,1603316965949.00,mp4,pnecazvcsb,,,,,,,,,
2020-10-21T21:49:26.308098+00:00,app[web.1]:,AB_TESTING:,B,1603316963698.00,1603316966253.00,mp4,pnecazvcsb,,,,,,,,,
2020-10-21T21:49:26.578619+00:00,app[web.1]:,AB_TESTING:,B,1603316963698.00,1603316966522.00,mp4,pnecazvcsb,,,,,,,,,
2020-10-21T21:49:27.969423+00:00,app[web.1]:,AB_TESTING:,C,1603316967897.00,0.00,0,pnecazvcsb,4199.00,0,B,,,,,,